id,status,classification,changed_pixels,total_pixels,changed_percent,over8_percent,mae,rmse,max_channel,limited,notes
welcome-dark,headless,intentional difference,202274,1075200,18.81269,0.64053,0.470363,5.381673,227,False,"Shared disconnected-shell differences: visible native refusal, absent reference folder pill/browser toggle. Text and gradient edges also differ."
settings-general-dark,headless,intentional difference,280903,1075200,26.12565,2.5106,1.196439,8.488472,196,False,General copy reflects native unavailable pinned-file preparation; text wrapping and small-window layout also differ. No unsupported limits/features advertised just to match text.
settings-providers-dark,headless,genuine native parity bug,261584,1075200,24.32887,1.16536,0.778675,7.696948,230,False,Native provider/auth page omits the reference lead/section/key-field layout. Do not silently equate the prompt-based native login view with the reference inline field.
settings-usage-dark,headless,genuine native parity bug,297099,1075200,27.63198,2.2952,1.295946,9.884419,191,False,"Provider order/names/colour cycle corrected; usage page labels, spacing, empty-state/date/chart presentation still differ."
settings-appearance-dark,headless,genuine native parity bug,285985,1075200,26.59831,1.24926,0.680379,5.798416,224,False,"Appearance preview/card typography, contours and description layout differ (including platform rasterization)."
welcome-light,headless,intentional difference,189783,1075200,17.65095,1.01135,0.556553,6.26673,217,False,"Shared disconnected-shell differences: visible native refusal, absent reference folder pill/browser toggle. Text and gradient edges also differ."
settings-general-light,headless,intentional difference,350097,1075200,32.5611,2.97247,1.542614,10.101924,217,False,General copy reflects native unavailable pinned-file preparation; text wrapping and small-window layout also differ. No unsupported limits/features advertised just to match text.
settings-providers-light,headless,genuine native parity bug,331082,1075200,30.7926,1.4056,1.033358,9.063652,217,False,Native provider/auth page omits the reference lead/section/key-field layout. Do not silently equate the prompt-based native login view with the reference inline field.
settings-usage-light,headless,genuine native parity bug,346123,1075200,32.1915,2.65597,1.581064,11.626984,217,False,"Provider order/names/colour cycle corrected; usage page labels, spacing, empty-state/date/chart presentation still differ."
settings-appearance-light,headless,genuine native parity bug,375766,1075200,34.94847,1.88635,1.506137,12.685507,231,False,"Appearance preview/card typography, contours and description layout differ (including platform rasterization)."
welcome-minimum,headless,intentional difference,127655,410400,31.10502,1.68421,1.10594,8.895658,226,False,"Shared disconnected-shell differences: visible native refusal, absent reference folder pill/browser toggle. Text and gradient edges also differ."
chat-minimum,headless,font/platform rasterization noise,119854,410400,29.20419,2.51876,1.475171,10.812188,229,False,"Retained basic text/ghost layout is close after the bubble-width fix; glyph/curve rasterization remains, in addition to the intentional shell differences. Not a pixel-exact result."
settings-minimum,headless,intentional difference,129455,410400,31.54362,5.99903,2.868909,14.055488,196,False,General copy reflects native unavailable pinned-file preparation; text wrapping and small-window layout also differ. No unsupported limits/features advertised just to match text.
welcome-compact,headless,intentional difference,150476,576000,26.12431,1.19618,0.797357,7.350028,227,False,"Shared disconnected-shell differences: visible native refusal, absent reference folder pill/browser toggle. Text and gradient edges also differ."
chat-compact,headless,font/platform rasterization noise,143358,576000,24.88854,1.79479,1.085462,9.126186,229,False,"Retained basic text/ghost layout is close after the bubble-width fix; glyph/curve rasterization remains, in addition to the intentional shell differences. Not a pixel-exact result."
settings-compact,headless,intentional difference,170308,576000,29.56736,4.49618,2.072723,11.539193,196,False,General copy reflects native unavailable pinned-file preparation; text wrapping and small-window layout also differ. No unsupported limits/features advertised just to match text.
welcome-wide,headless,intentional difference,266984,1600000,16.6865,0.46169,0.37368,4.597447,225,False,"Shared disconnected-shell differences: visible native refusal, absent reference folder pill/browser toggle. Text and gradient edges also differ."
chat-wide,headless,font/platform rasterization noise,259459,1600000,16.21619,0.67569,0.464792,5.529754,228,False,"Retained basic text/ghost layout is close after the bubble-width fix; glyph/curve rasterization remains, in addition to the intentional shell differences. Not a pixel-exact result."
settings-wide,headless,intentional difference,328794,1600000,20.54962,1.7055,0.826545,6.966208,196,False,General copy reflects native unavailable pinned-file preparation; text wrapping and small-window layout also differ. No unsupported limits/features advertised just to match text.
appearance-system-dark,headless,intentional difference,200218,1075200,18.62147,0.64053,0.468185,5.378729,227,False,"Shared disconnected-shell differences: visible native refusal, absent reference folder pill/browser toggle. Text and gradient edges also differ."
appearance-system-light,headless,intentional difference,189783,1075200,17.65095,1.01135,0.556553,6.26673,217,False,"Shared disconnected-shell differences: visible native refusal, absent reference folder pill/browser toggle. Text and gradient edges also differ."
welcome-hidpi,headless,intentional difference,602591,2304000,26.15412,0.82361,0.741361,7.730511,231,False,"Shared disconnected-shell differences: visible native refusal, absent reference folder pill/browser toggle. Text and gradient edges also differ."
markdown-hidpi,headless,font/platform rasterization noise,558420,2304000,24.23698,1.10833,0.848564,8.537298,229,False,Retained renderer broadly agrees for this small source; text/line/shadow antialiasing remains alongside shared intentional shell differences. No error threshold has been applied.
splash-flight,headless,test nondeterminism,787625,1075200,73.25381,19.3218,6.028667,22.767582,218,False,"Real shader/motion path sampled after load; startup frame gating and clocks are not phase locked. Repeated captures measure uncertainty, not a certified temporal match."
splash-word,headless,test nondeterminism,734257,1075200,68.29027,1.94968,1.776453,5.107909,225,False,"Real shader/motion path sampled after load; startup frame gating and clocks are not phase locked. Repeated captures measure uncertainty, not a certified temporal match."
splash-handoff,headless,test nondeterminism,1063356,1075200,98.89844,0.87984,1.537848,8.245604,225,False,"Real shader/motion path sampled after load; startup frame gating and clocks are not phase locked. Repeated captures measure uncertainty, not a certified temporal match."
splash-finished,headless,test nondeterminism,200653,1075200,18.66192,0.68741,0.563911,6.847643,227,False,"Real shader/motion path sampled after load; startup frame gating and clocks are not phase locked. Repeated captures measure uncertainty, not a certified temporal match."
welcome-motion,headless,test nondeterminism,200950,1075200,18.68955,0.71456,0.627826,7.809343,227,False,Idle ghost sampled with normal motion; not a phase-locked comparison.
sidebar-hidden,headless,intentional difference,57655,1075200,5.36226,0.42848,0.306076,4.993239,227,False,"Shared disconnected-shell differences: visible native refusal, absent reference folder pill/browser toggle. Text and gradient edges also differ."
sidebar-populated,headless,genuine native parity bug,207975,1075200,19.34291,2.4534,1.217069,10.423558,227,False,"Sidebar group/row spacing, folder/draft presentation and interaction affordances differ; source data and clock age are shared."
sidebar-search,headless,genuine native parity bug,210692,1075200,19.59561,2.63291,1.280393,10.489512,227,False,"Sidebar group/row spacing, folder/draft presentation and interaction affordances differ; source data and clock age are shared."
sidebar-empty-search,headless,genuine native parity bug,206204,1075200,19.1782,0.83733,0.571923,5.858566,227,False,"Sidebar group/row spacing, folder/draft presentation and interaction affordances differ; source data and clock age are shared."
sidebar-delete-confirm,headless,genuine native parity bug,207923,1075200,19.33808,2.48391,1.182174,10.106658,227,False,"Sidebar group/row spacing, folder/draft presentation and interaction affordances differ; source data and clock age are shared."
sidebar-rename,headless,genuine native parity bug,210111,1075200,19.54157,3.49581,1.47306,11.229739,227,False,"Sidebar group/row spacing, folder/draft presentation and interaction affordances differ; source data and clock age are shared."
composer-draft,headless,intentional difference,201078,1075200,18.70145,0.71243,0.496574,5.54016,227,False,"Shared disconnected-shell differences: visible native refusal, absent reference folder pill/browser toggle. Text and gradient edges also differ."
composer-multiline,headless,intentional difference,201395,1075200,18.73093,0.76693,0.512023,5.611138,227,False,"Shared disconnected-shell differences: visible native refusal, absent reference folder pill/browser toggle. Text and gradient edges also differ."
composer-long,headless,intentional difference,232717,1075200,21.64407,2.90011,1.197006,8.334273,227,False,"Shared disconnected-shell differences: visible native refusal, absent reference folder pill/browser toggle. Text and gradient edges also differ."
composer-quote,headless,intentional difference,201900,1075200,18.7779,0.72294,0.499085,5.5389,227,False,"Shared disconnected-shell differences: visible native refusal, absent reference folder pill/browser toggle. Text and gradient edges also differ."
models-available,headless,intentional difference,200310,1075200,18.63002,0.6476,0.470756,5.389848,227,False,"Shared disconnected-shell differences: visible native refusal, absent reference folder pill/browser toggle. Text and gradient edges also differ."
models-picker,headless,genuine native parity bug,1043175,1075200,97.02148,1.1808,1.317535,3.793219,212,False,Stage/veil/glass and label placement differ; software-driver effect limitations may contribute. Not dismissed as font noise.
models-picker-light,headless,genuine native parity bug,252017,1075200,23.43908,12.00326,1.651587,5.049877,204,False,Stage/veil/glass and label placement differ; software-driver effect limitations may contribute. Not dismissed as font noise.
effort-off,headless,fixture requiring visible/manual validation,274098,1075200,25.49275,1.86635,1.556098,12.23547,227,True,"Measured headlessly, but this GLX backend rejects RGBA16F layers. Glass/oil pixels are not certified; manual-visible-effort-hdr is excluded from the default run."
effort-low,headless,fixture requiring visible/manual validation,272949,1075200,25.38588,1.90402,1.456026,11.215342,227,True,"Measured headlessly, but this GLX backend rejects RGBA16F layers. Glass/oil pixels are not certified; manual-visible-effort-hdr is excluded from the default run."
effort-medium,headless,fixture requiring visible/manual validation,275681,1075200,25.63997,2.0013,1.585599,12.068404,227,True,"Measured headlessly, but this GLX backend rejects RGBA16F layers. Glass/oil pixels are not certified; manual-visible-effort-hdr is excluded from the default run."
effort-high,headless,fixture requiring visible/manual validation,276409,1075200,25.70768,2.0545,1.636491,12.482744,251,True,"Measured headlessly, but this GLX backend rejects RGBA16F layers. Glass/oil pixels are not certified; manual-visible-effort-hdr is excluded from the default run."
mode-menu,headless,genuine native parity bug,280416,1075200,26.08036,1.35761,0.52975,3.753059,213,False,Stage/veil/glass and label placement differ; software-driver effect limitations may contribute. Not dismissed as font noise.
chat-basic,headless,font/platform rasterization noise,190788,1075200,17.74442,0.82868,0.536112,5.956822,225,False,"Retained basic text/ghost layout is close after the bubble-width fix; glyph/curve rasterization remains, in addition to the intentional shell differences. Not a pixel-exact result."
chat-user-quotes,headless,genuine native parity bug,203468,1075200,18.92374,2.00363,2.932029,23.178571,235,False,Visible formatting/position/direction or notice/action differences beyond glyph edge noise; see the paired images.
chat-stopped,headless,genuine native parity bug,191622,1075200,17.82199,0.89732,0.586024,6.34074,225,False,Visible formatting/position/direction or notice/action differences beyond glyph edge noise; see the paired images.
chat-error,headless,genuine native parity bug,191737,1075200,17.83268,0.87677,0.593887,6.522592,230,False,Visible formatting/position/direction or notice/action differences beyond glyph edge noise; see the paired images.
chat-auth-error,headless,genuine native parity bug,191162,1075200,17.7792,0.82543,0.558713,6.228493,230,False,Visible formatting/position/direction or notice/action differences beyond glyph edge noise; see the paired images.
chat-streaming,headless,font/platform rasterization noise,192802,1075200,17.93173,0.97387,0.587087,6.276336,225,False,"Retained basic text/ghost layout is close after the bubble-width fix; glyph/curve rasterization remains, in addition to the intentional shell differences. Not a pixel-exact result."
chat-streaming-code,headless,font/platform rasterization noise,189211,1075200,17.59775,0.69875,0.472658,5.441427,225,False,"Retained basic text/ghost layout is close after the bubble-width fix; glyph/curve rasterization remains, in addition to the intentional shell differences. Not a pixel-exact result."
thinking,headless,genuine native parity bug,190052,1075200,17.67597,0.77641,0.623299,7.833059,225,False,The same activity ghost is vertically offset relative to the preceding user message; not just rasterization.
tool-running,headless,genuine native parity bug,190052,1075200,17.67597,0.77641,0.623299,7.833059,225,False,The same activity ghost is vertically offset relative to the preceding user message; not just rasterization.
tool-completed,headless,font/platform rasterization noise,190942,1075200,17.75874,0.83798,0.544294,6.029561,225,False,"Retained basic text/ghost layout is close after the bubble-width fix; glyph/curve rasterization remains, in addition to the intentional shell differences. Not a pixel-exact result."
timing,headless,intentional difference,191393,1075200,17.80069,0.87435,0.571782,6.230789,225,False,Native per-reply timing has no equivalent in reference chat.js; reference entry carries usage but does not draw an inline timer.
scroll-top,headless,genuine native parity bug,240480,1075200,22.36607,4.2407,1.952023,12.252978,226,False,"Long-message geometry, lazy positioning and selection/veil/jump presentation diverge; repeat deltas separately flag unstable capture."
scroll-middle,headless,genuine native parity bug,307831,1075200,28.63012,10.74191,11.901356,43.128022,230,False,"Long-message geometry, lazy positioning and selection/veil/jump presentation diverge; repeat deltas separately flag unstable capture."
scroll-bottom,headless,genuine native parity bug,285742,1075200,26.57571,8.95945,9.340068,37.587124,230,False,"Long-message geometry, lazy positioning and selection/veil/jump presentation diverge; repeat deltas separately flag unstable capture."
markdown-headings,headless,font/platform rasterization noise,200142,1075200,18.6144,1.28237,0.724327,7.173537,225,False,Retained renderer broadly agrees for this small source; text/line/shadow antialiasing remains alongside shared intentional shell differences. No error threshold has been applied.
markdown-lists,headless,font/platform rasterization noise,198344,1075200,18.44717,1.04874,0.604918,6.1729,225,False,Retained renderer broadly agrees for this small source; text/line/shadow antialiasing remains alongside shared intentional shell differences. No error threshold has been applied.
markdown-quotes,headless,genuine native parity bug,230954,1075200,21.4801,3.53637,1.274606,10.178146,230,False,Visible formatting/position/direction or notice/action differences beyond glyph edge noise; see the paired images.
markdown-table,headless,font/platform rasterization noise,195790,1075200,18.20964,0.90327,0.699906,8.064978,230,False,Retained renderer broadly agrees for this small source; text/line/shadow antialiasing remains alongside shared intentional shell differences. No error threshold has been applied.
markdown-code-cpp,headless,font/platform rasterization noise,196268,1075200,18.25409,1.18359,0.867865,8.878371,225,False,Retained renderer broadly agrees for this small source; text/line/shadow antialiasing remains alongside shared intentional shell differences. No error threshold has been applied.
markdown-code-python,headless,font/platform rasterization noise,193552,1075200,18.00149,0.9494,0.671549,7.324877,225,False,Retained renderer broadly agrees for this small source; text/line/shadow antialiasing remains alongside shared intentional shell differences. No error threshold has been applied.
markdown-code-js,headless,font/platform rasterization noise,193513,1075200,17.99786,0.9548,0.723048,8.000328,225,False,Retained renderer broadly agrees for this small source; text/line/shadow antialiasing remains alongside shared intentional shell differences. No error threshold has been applied.
markdown-code-json,headless,font/platform rasterization noise,192674,1075200,17.91983,0.87491,0.622447,6.90176,225,False,Retained renderer broadly agrees for this small source; text/line/shadow antialiasing remains alongside shared intentional shell differences. No error threshold has been applied.
markdown-code-diff,headless,font/platform rasterization noise,191531,1075200,17.81352,0.77958,0.556199,6.375335,225,False,Retained renderer broadly agrees for this small source; text/line/shadow antialiasing remains alongside shared intentional shell differences. No error threshold has been applied.
markdown-code-long,headless,font/platform rasterization noise,195916,1075200,18.22135,1.19364,0.948034,9.831322,225,False,Retained renderer broadly agrees for this small source; text/line/shadow antialiasing remains alongside shared intentional shell differences. No error threshold has been applied.
markdown-arithmetic,headless,genuine native parity bug,269937,1075200,25.10575,0.96047,1.019806,7.686643,225,False,Reference renders a column-arithmetic worksheet; native presents a code block.
markdown-tex-inline,headless,font/platform rasterization noise,191441,1075200,17.80515,0.88588,0.634211,7.205722,225,False,Retained renderer broadly agrees for this small source; text/line/shadow antialiasing remains alongside shared intentional shell differences. No error threshold has been applied.
markdown-tex-display,headless,genuine native parity bug,189608,1075200,17.63467,0.74023,0.635917,7.980238,225,False,Visible formatting/position/direction or notice/action differences beyond glyph edge noise; see the paired images.
markdown-tex-matrix,headless,genuine native parity bug,189219,1075200,17.59849,0.70582,0.572879,7.146024,225,False,Visible formatting/position/direction or notice/action differences beyond glyph edge noise; see the paired images.
markdown-links,headless,font/platform rasterization noise,190951,1075200,17.75958,0.8112,0.504881,5.63539,225,False,Retained renderer broadly agrees for this small source; text/line/shadow antialiasing remains alongside shared intentional shell differences. No error threshold has been applied.
markdown-unicode,headless,genuine native parity bug,194101,1075200,18.05255,1.09691,0.746509,8.04059,225,False,Visible formatting/position/direction or notice/action differences beyond glyph edge noise; see the paired images.
markdown-html-literal,headless,font/platform rasterization noise,192310,1075200,17.88597,0.94708,0.574302,6.199403,228,False,Retained renderer broadly agrees for this small source; text/line/shadow antialiasing remains alongside shared intentional shell differences. No error threshold has been applied.
markdown-image,headless,intentional difference,283778,1075200,26.39304,7.32645,7.618786,31.170429,225,False,"Reference image consent clicked, request fulfilled from synthetic local bytes by CDP; native network denial is retained, not bypassed."
markdown-image-stack,headless,intentional difference,310997,1075200,28.92457,9.38291,8.529142,32.046188,231,False,"Reference image consent clicked, request fulfilled from synthetic local bytes by CDP; native network denial is retained, not bypassed."
markdown-video-card,headless,intentional difference,190198,1075200,17.68955,0.78934,0.605621,7.156507,230,False,Native network/media presentation is deliberately unavailable; reference uses local synthetic image fulfillment or blocked video thumbnail.
markdown-light,headless,font/platform rasterization noise,195239,1075200,18.15839,2.26442,1.298909,11.284941,255,False,Retained renderer broadly agrees for this small source; text/line/shadow antialiasing remains alongside shared intentional shell differences. No error threshold has been applied.
attachments-sent-single,headless,intentional difference,200534,1075200,18.65086,1.65681,2.239884,20.007031,235,False,"Native unavailable sent-file preview, vertical preview rows and missing per-attachment notes differ from the reference cards; no attachment service is added."
attachments-composer-single,headless,intentional difference,204235,1075200,18.99507,0.73103,0.516326,5.772403,227,False,"Native unavailable sent-file preview, vertical preview rows and missing per-attachment notes differ from the reference cards; no attachment service is added."
attachments-sent-multiple,headless,intentional difference,239219,1075200,22.24879,3.40467,4.342606,27.851986,230,False,"Native unavailable sent-file preview, vertical preview rows and missing per-attachment notes differ from the reference cards; no attachment service is added."
attachments-composer-multiple,headless,intentional difference,207886,1075200,19.33464,0.97331,0.643759,6.808228,227,False,"Native unavailable sent-file preview, vertical preview rows and missing per-attachment notes differ from the reference cards; no attachment service is added."
markdown-image-held,headless,intentional difference,194797,1075200,18.11728,1.22935,0.641642,6.673751,225,False,Reference click-to-load consent versus the native unavailable media link; no request is permitted.
attachment-image,headless,intentional difference,287438,1075200,26.73344,8.0133,8.906864,35.613762,225,False,"Reference image bytes are display data; native sent-card projection only retains metadata, so no thumbnail is fabricated."
approval-command,headless,genuine native parity bug,276131,1075200,25.68183,2.89686,2.184364,16.134923,229,False,Approval card spacing/column sizing and typography differ with identical presentation object; no answer is sent.
approval-command-expanded,headless,genuine native parity bug,309046,1075200,28.74312,3.20433,2.579447,16.902646,233,False,Approval card spacing/column sizing and typography differ with identical presentation object; no answer is sent.
approval-file,headless,genuine native parity bug,275287,1075200,25.60333,2.81985,2.054747,15.622575,231,False,Approval card spacing/column sizing and typography differ with identical presentation object; no answer is sent.
approval-file-expanded,headless,genuine native parity bug,334228,1075200,31.08519,6.46922,2.679672,16.925956,233,False,Approval card spacing/column sizing and typography differ with identical presentation object; no answer is sent.
approval-web,headless,genuine native parity bug,274884,1075200,25.56585,2.78199,2.065893,15.655871,231,False,Approval card spacing/column sizing and typography differ with identical presentation object; no answer is sent.
approval-web-expanded,headless,genuine native parity bug,308199,1075200,28.66434,3.10472,2.472616,16.481332,233,False,Approval card spacing/column sizing and typography differ with identical presentation object; no answer is sent.
auth-disconnected,headless,genuine native parity bug,280960,1075200,26.13095,1.78646,1.519295,13.686815,225,False,Native provider/auth page omits the reference lead/section/key-field layout. Do not silently equate the prompt-based native login view with the reference inline field.
auth-connected,headless,genuine native parity bug,283117,1075200,26.33157,1.84766,1.195971,10.069977,198,False,Native provider/auth page omits the reference lead/section/key-field layout. Do not silently equate the prompt-based native login view with the reference inline field.
auth-waiting,headless,genuine native parity bug,278990,1075200,25.94773,1.81948,1.146973,9.705243,198,False,Native provider/auth page omits the reference lead/section/key-field layout. Do not silently equate the prompt-based native login view with the reference inline field.
auth-error,headless,genuine native parity bug,282016,1075200,26.22917,1.87472,1.600991,14.06941,230,False,Native provider/auth page omits the reference lead/section/key-field layout. Do not silently equate the prompt-based native login view with the reference inline field.
auth-key,headless,genuine native parity bug,287168,1075200,26.70833,1.91053,1.591939,13.808372,225,False,Native provider/auth page omits the reference lead/section/key-field layout. Do not silently equate the prompt-based native login view with the reference inline field.
usage-empty,headless,genuine native parity bug,297099,1075200,27.63198,2.29492,1.295942,9.88482,191,False,"Provider order/names/colour cycle corrected; usage page labels, spacing, empty-state/date/chart presentation still differ."
usage-populated,headless,genuine native parity bug,312886,1075200,29.10026,3.67336,2.534141,16.329587,196,False,"Provider order/names/colour cycle corrected; usage page labels, spacing, empty-state/date/chart presentation still differ."
usage-multiple,headless,genuine native parity bug,323913,1075200,30.12584,4.45452,3.075778,18.418052,225,False,"Provider order/names/colour cycle corrected; usage page labels, spacing, empty-state/date/chart presentation still differ."
diagram-flow,headless,font/platform rasterization noise,191291,1075200,17.7912,0.7167,0.458921,5.147396,225,False,"Same parsed diagram family/source; palette and outer margins corrected. Remaining drawing/text antialiasing and shared shell differences are measured, not waived. A representative scene is not exhaustive grammar coverage."
diagram-state,headless,font/platform rasterization noise,190246,1075200,17.69401,0.65737,0.438631,5.066769,225,False,"Same parsed diagram family/source; palette and outer margins corrected. Remaining drawing/text antialiasing and shared shell differences are measured, not waived. A representative scene is not exhaustive grammar coverage."
diagram-sequence,headless,font/platform rasterization noise,191587,1075200,17.81873,0.7513,0.476605,5.266739,225,False,"Same parsed diagram family/source; palette and outer margins corrected. Remaining drawing/text antialiasing and shared shell differences are measured, not waived. A representative scene is not exhaustive grammar coverage."
diagram-pie,headless,font/platform rasterization noise,191317,1075200,17.79362,0.79585,0.521024,5.965331,225,False,"Same parsed diagram family/source; palette and outer margins corrected. Remaining drawing/text antialiasing and shared shell differences are measured, not waived. A representative scene is not exhaustive grammar coverage."
diagram-xy,headless,font/platform rasterization noise,222606,1075200,20.70368,0.74516,0.48831,5.323013,225,False,"Same parsed diagram family/source; palette and outer margins corrected. Remaining drawing/text antialiasing and shared shell differences are measured, not waived. A representative scene is not exhaustive grammar coverage."
diagram-candles,headless,font/platform rasterization noise,200016,1075200,18.60268,0.95964,0.514107,5.345829,225,False,"Same parsed diagram family/source; palette and outer margins corrected. Remaining drawing/text antialiasing and shared shell differences are measured, not waived. A representative scene is not exhaustive grammar coverage."
diagram-timeline,headless,font/platform rasterization noise,190488,1075200,17.71652,0.76618,0.480062,5.353216,225,False,"Same parsed diagram family/source; palette and outer margins corrected. Remaining drawing/text antialiasing and shared shell differences are measured, not waived. A representative scene is not exhaustive grammar coverage."
diagram-gantt,headless,font/platform rasterization noise,191930,1075200,17.85063,0.77232,0.502755,5.559661,225,False,"Same parsed diagram family/source; palette and outer margins corrected. Remaining drawing/text antialiasing and shared shell differences are measured, not waived. A representative scene is not exhaustive grammar coverage."
diagram-mindmap,headless,font/platform rasterization noise,191263,1075200,17.7886,0.72684,0.4648,5.208794,225,False,"Same parsed diagram family/source; palette and outer margins corrected. Remaining drawing/text antialiasing and shared shell differences are measured, not waived. A representative scene is not exhaustive grammar coverage."
diagram-quadrant,headless,font/platform rasterization noise,190572,1075200,17.72433,0.70647,0.483499,5.497373,225,False,"Same parsed diagram family/source; palette and outer margins corrected. Remaining drawing/text antialiasing and shared shell differences are measured, not waived. A representative scene is not exhaustive grammar coverage."
diagram-radar,headless,font/platform rasterization noise,208045,1075200,19.34942,0.84961,0.490491,5.252842,225,False,"Same parsed diagram family/source; palette and outer margins corrected. Remaining drawing/text antialiasing and shared shell differences are measured, not waived. A representative scene is not exhaustive grammar coverage."
diagram-er,headless,font/platform rasterization noise,192237,1075200,17.87919,0.78878,0.511331,5.708891,225,False,"Same parsed diagram family/source; palette and outer margins corrected. Remaining drawing/text antialiasing and shared shell differences are measured, not waived. A representative scene is not exhaustive grammar coverage."
diagram-class,headless,font/platform rasterization noise,190988,1075200,17.76302,0.7075,0.489038,5.656643,225,False,"Same parsed diagram family/source; palette and outer margins corrected. Remaining drawing/text antialiasing and shared shell differences are measured, not waived. A representative scene is not exhaustive grammar coverage."
diagram-wireframe,headless,font/platform rasterization noise,201367,1075200,18.72833,1.02269,0.637861,7.001916,217,False,"Same parsed diagram family/source; palette and outer margins corrected. Remaining drawing/text antialiasing and shared shell differences are measured, not waived. A representative scene is not exhaustive grammar coverage."
diagram-files,headless,font/platform rasterization noise,195143,1075200,18.14946,0.79892,0.489817,5.334392,225,False,"Same parsed diagram family/source; palette and outer margins corrected. Remaining drawing/text antialiasing and shared shell differences are measured, not waived. A representative scene is not exhaustive grammar coverage."
diagram-metrics,headless,font/platform rasterization noise,190497,1075200,17.71735,0.72173,0.467657,5.312449,225,False,"Same parsed diagram family/source; palette and outer margins corrected. Remaining drawing/text antialiasing and shared shell differences are measured, not waived. A representative scene is not exhaustive grammar coverage."
diagram-bars,headless,font/platform rasterization noise,192670,1075200,17.91946,0.77362,0.497573,5.503578,225,False,"Same parsed diagram family/source; palette and outer margins corrected. Remaining drawing/text antialiasing and shared shell differences are measured, not waived. A representative scene is not exhaustive grammar coverage."
diagram-ranges,headless,font/platform rasterization noise,192606,1075200,17.9135,0.73698,0.502714,5.774203,225,False,"Same parsed diagram family/source; palette and outer margins corrected. Remaining drawing/text antialiasing and shared shell differences are measured, not waived. A representative scene is not exhaustive grammar coverage."
diagram-plan,headless,font/platform rasterization noise,190777,1075200,17.7434,0.71903,0.459705,5.167081,225,False,"Same parsed diagram family/source; palette and outer margins corrected. Remaining drawing/text antialiasing and shared shell differences are measured, not waived. A representative scene is not exhaustive grammar coverage."
diagram-steps,headless,font/platform rasterization noise,191428,1075200,17.80394,0.81696,0.516013,5.556346,225,False,"Same parsed diagram family/source; palette and outer margins corrected. Remaining drawing/text antialiasing and shared shell differences are measured, not waived. A representative scene is not exhaustive grammar coverage."
diagram-journey,headless,font/platform rasterization noise,191538,1075200,17.81417,0.82041,0.54274,5.955452,225,False,"Same parsed diagram family/source; palette and outer margins corrected. Remaining drawing/text antialiasing and shared shell differences are measured, not waived. A representative scene is not exhaustive grammar coverage."
diagram-waterfall,headless,font/platform rasterization noise,199589,1075200,18.56297,0.77279,0.46786,5.143383,225,False,"Same parsed diagram family/source; palette and outer margins corrected. Remaining drawing/text antialiasing and shared shell differences are measured, not waived. A representative scene is not exhaustive grammar coverage."
diagram-funnel,headless,font/platform rasterization noise,192204,1075200,17.87612,0.81185,0.560661,6.286061,225,False,"Same parsed diagram family/source; palette and outer margins corrected. Remaining drawing/text antialiasing and shared shell differences are measured, not waived. A representative scene is not exhaustive grammar coverage."
diagram-sankey,headless,font/platform rasterization noise,294387,1075200,27.37974,0.79827,0.570493,6.155698,225,False,"Same parsed diagram family/source; palette and outer margins corrected. Remaining drawing/text antialiasing and shared shell differences are measured, not waived. A representative scene is not exhaustive grammar coverage."
diagram-heatmap,headless,font/platform rasterization noise,197171,1075200,18.33808,0.63597,0.437223,5.06713,225,False,"Same parsed diagram family/source; palette and outer margins corrected. Remaining drawing/text antialiasing and shared shell differences are measured, not waived. A representative scene is not exhaustive grammar coverage."
diagram-scatter,headless,font/platform rasterization noise,195096,1075200,18.14509,0.69801,0.486314,5.625804,225,False,"Same parsed diagram family/source; palette and outer margins corrected. Remaining drawing/text antialiasing and shared shell differences are measured, not waived. A representative scene is not exhaustive grammar coverage."
diagram-treemap,headless,font/platform rasterization noise,192193,1075200,17.87509,0.64741,0.437185,5.071326,225,False,"Same parsed diagram family/source; palette and outer margins corrected. Remaining drawing/text antialiasing and shared shell differences are measured, not waived. A representative scene is not exhaustive grammar coverage."
diagram-git,headless,font/platform rasterization noise,189728,1075200,17.64583,0.66127,0.434636,5.064217,225,False,"Same parsed diagram family/source; palette and outer margins corrected. Remaining drawing/text antialiasing and shared shell differences are measured, not waived. A representative scene is not exhaustive grammar coverage."
diagram-array,headless,font/platform rasterization noise,190346,1075200,17.70331,0.69913,0.489629,5.700642,225,False,"Same parsed diagram family/source; palette and outer margins corrected. Remaining drawing/text antialiasing and shared shell differences are measured, not waived. A representative scene is not exhaustive grammar coverage."
diagram-bracket,headless,font/platform rasterization noise,192223,1075200,17.87788,0.84384,0.556425,6.123847,225,False,"Same parsed diagram family/source; palette and outer margins corrected. Remaining drawing/text antialiasing and shared shell differences are measured, not waived. A representative scene is not exhaustive grammar coverage."
diagram-nutrition,headless,font/platform rasterization noise,196124,1075200,18.2407,0.90978,0.552175,5.904198,225,False,"Same parsed diagram family/source; palette and outer margins corrected. Remaining drawing/text antialiasing and shared shell differences are measured, not waived. A representative scene is not exhaustive grammar coverage."
diagram-facts,headless,font/platform rasterization noise,192408,1075200,17.89509,0.81771,0.546664,6.028616,225,False,"Same parsed diagram family/source; palette and outer margins corrected. Remaining drawing/text antialiasing and shared shell differences are measured, not waived. A representative scene is not exhaustive grammar coverage."
diagram-checklist,headless,font/platform rasterization noise,192709,1075200,17.92308,0.82636,0.50918,5.57539,225,False,"Same parsed diagram family/source; palette and outer margins corrected. Remaining drawing/text antialiasing and shared shell differences are measured, not waived. A representative scene is not exhaustive grammar coverage."
diagram-changes,headless,font/platform rasterization noise,190722,1075200,17.73828,0.72507,0.482452,5.503858,225,False,"Same parsed diagram family/source; palette and outer margins corrected. Remaining drawing/text antialiasing and shared shell differences are measured, not waived. A representative scene is not exhaustive grammar coverage."
diagram-outline,headless,font/platform rasterization noise,191353,1075200,17.79697,0.75995,0.482733,5.326234,225,False,"Same parsed diagram family/source; palette and outer margins corrected. Remaining drawing/text antialiasing and shared shell differences are measured, not waived. A representative scene is not exhaustive grammar coverage."
diagram-matches,headless,font/platform rasterization noise,190209,1075200,17.69057,0.77,0.549689,6.315917,225,False,"Same parsed diagram family/source; palette and outer margins corrected. Remaining drawing/text antialiasing and shared shell differences are measured, not waived. A representative scene is not exhaustive grammar coverage."
diagram-words,headless,font/platform rasterization noise,192013,1075200,17.85835,0.77939,0.496748,5.432223,225,False,"Same parsed diagram family/source; palette and outer margins corrected. Remaining drawing/text antialiasing and shared shell differences are measured, not waived. A representative scene is not exhaustive grammar coverage."
diagram-gloss,headless,font/platform rasterization noise,190473,1075200,17.71512,0.75735,0.497782,5.566086,225,False,"Same parsed diagram family/source; palette and outer margins corrected. Remaining drawing/text antialiasing and shared shell differences are measured, not waived. A representative scene is not exhaustive grammar coverage."
diagram-forms,headless,font/platform rasterization noise,189943,1075200,17.66583,0.7314,0.48676,5.472666,225,False,"Same parsed diagram family/source; palette and outer margins corrected. Remaining drawing/text antialiasing and shared shell differences are measured, not waived. A representative scene is not exhaustive grammar coverage."
diagram-recipe,headless,font/platform rasterization noise,193202,1075200,17.96894,0.9707,0.677667,7.302058,225,False,"Same parsed diagram family/source; palette and outer margins corrected. Remaining drawing/text antialiasing and shared shell differences are measured, not waived. A representative scene is not exhaustive grammar coverage."
diagram-parts,headless,font/platform rasterization noise,190661,1075200,17.73261,0.72768,0.505691,5.873097,225,False,"Same parsed diagram family/source; palette and outer margins corrected. Remaining drawing/text antialiasing and shared shell differences are measured, not waived. A representative scene is not exhaustive grammar coverage."
diagram-settings,headless,font/platform rasterization noise,192465,1075200,17.90039,0.84626,0.579995,6.441035,225,False,"Same parsed diagram family/source; palette and outer margins corrected. Remaining drawing/text antialiasing and shared shell differences are measured, not waived. A representative scene is not exhaustive grammar coverage."
diagram-route,headless,font/platform rasterization noise,190322,1075200,17.70108,0.73177,0.468745,5.249902,225,False,"Same parsed diagram family/source; palette and outer margins corrected. Remaining drawing/text antialiasing and shared shell differences are measured, not waived. A representative scene is not exhaustive grammar coverage."
diagram-editor,headless,intentional difference,524445,1075200,48.77651,4.92634,3.303742,14.596744,240,False,"Reference structured visual editor versus native source-text editor; a known unported feature, not implemented by this audit."
selection,headless,genuine native parity bug,224742,1075200,20.90234,1.16332,0.651946,6.455398,225,False,"Long-message geometry, lazy positioning and selection/veil/jump presentation diverge; repeat deltas separately flag unstable capture."
diagram-invalid,headless,font/platform rasterization noise,190982,1075200,17.76246,0.73837,0.539541,6.305143,225,False,Retained renderer broadly agrees for this small source; text/line/shadow antialiasing remains alongside shared intentional shell differences. No error threshold has been applied.
diagram-light,headless,font/platform rasterization noise,180841,1075200,16.81929,1.01358,0.541752,6.03873,212,False,"Same parsed diagram family/source; palette and outer margins corrected. Remaining drawing/text antialiasing and shared shell differences are measured, not waived. A representative scene is not exhaustive grammar coverage."
add-menu,headless,intentional difference,257674,1075200,23.96522,1.93592,1.415618,12.559556,225,False,Native + opens a file chooser directly; reference dock is unported. No native dialog launched.
attachment-note,headless,intentional difference,286891,1075200,26.68257,3.66546,1.829198,13.05806,232,False,Attachment note popover is unported.
drop-overlay,headless,intentional difference,699854,1075200,65.09059,4.36031,3.847539,18.815288,230,False,Native refuses drop/paste files explicitly instead of displaying reference drop art.
stats-card,headless,intentional difference,538537,1075200,50.08715,14.41453,4.384434,21.923681,225,False,Reference stats card has no native transcript delegate.
compact-notice,headless,intentional difference,386311,1075200,35.92922,1.8018,2.971478,20.212016,225,False,Native keeps but does not draw compact rows.
mini-chat,headless,intentional difference,1002349,1075200,93.22442,85.53981,12.225322,23.141892,236,False,Reference mini-chat dialog is unported; frontend state alone does not supply a view.
lock-screen,headless,intentional difference,307394,1075200,28.58947,1.84059,2.643407,19.739374,229,False,Native lock UI and production sealing are intentionally unavailable.
lock-password,headless,intentional difference,307394,1075200,28.58947,3.01097,2.667562,19.570213,229,False,"Reference password field only. No actual password, crypto or backend operation."
manual-visible-effort-hdr,manual,fixture requiring visible/manual validation,,,,,,,,,
manual-visible-file-dialog,manual,fixture requiring visible/manual validation,,,,,,,,,
manual-visible-folder-picker,manual,fixture requiring visible/manual validation,,,,,,,,,
manual-visible-window-chrome,manual,fixture requiring visible/manual validation,,,,,,,,,
manual-visible-ime-accessibility,manual,fixture requiring visible/manual validation,,,,,,,,,
manual-visible-browser-host,manual,fixture requiring visible/manual validation,,,,,,,,,
