id,scope,whole_changed_percent,whole_over8_percent,whole_mae,media_changed_percent,media_over8_percent,media_mae,media_rmse,media_repeat_max_channel
markdown-image,media component,17.81576,0.65867,0.435306,1.72744,0.47179,0.100854,1.714421,1
markdown-image-stack,media component,20.31938,0.9615,0.543664,12.5513,1.94059,0.627068,4.729137,0
markdown-video-card,media component,17.58752,0.69327,0.502745,3.93048,3.64973,3.027005,20.27882,1
markdown-image-held,media component,17.63607,0.72163,0.457764,8.34804,6.79902,1.992516,10.282118,1
media-gallery-trusted,media component,17.76823,0.66564,0.435811,1.79598,0.52169,0.110534,1.78079,1
media-gallery-source,media component,17.84059,0.72117,0.464462,2.28897,0.91269,0.318192,4.67641,1
media-gallery-lost,media component,17.60928,0.68164,0.44228,7.40546,5.06828,1.338253,7.833564,1
media-gallery-mixed,media component,18.26776,0.92243,0.514204,4.00988,1.72317,0.475084,4.417481,1
media-video-thumb,media component,18.34914,0.92132,0.55039,4.75691,1.94743,0.779666,7.493695,1
media-videos-many,media component,19.14565,1.31687,0.796565,14.62149,6.5132,3.385105,19.110335,2
media-streaming,media component,17.59422,0.69048,0.422312,0.72239,0.61816,0.059159,0.719394,0
media-gallery-fan,media component,20.64332,0.98651,0.550952,14.16895,2.06566,0.663533,4.773559,0
media-gallery-leaf,media component,24.56687,0.93592,0.604898,34.74825,1.80269,0.948234,5.164593,1
media-gallery-last,media component,19.58798,0.93452,0.530347,10.92877,1.80184,0.588673,4.691626,0
media-gallery-hover,media component,20.7793,1.00958,0.557498,14.88323,2.18634,0.697888,4.866394,0
media-gallery-light,media component,24.45061,1.41453,0.745501,37.73276,2.71523,1.253581,6.281362,1
media-gallery-fan-motion,media component,21.07338,1.02148,0.562299,16.10661,2.21859,0.716377,4.884671,0
media-gallery-hidpi,media component,35.77292,1.3901,0.980621,37.42558,1.99525,1.025991,6.880699,0
media-gallery-caption-wrap,media component,29.26933,2.23725,1.089426,5.74526,3.60531,1.01518,7.210154,1
media-gallery-counter,media component,19.61217,0.96419,0.541969,11.05677,1.95916,0.649853,5.270692,1
media-gallery-portrait,media component,20.68685,0.867,0.572701,13.47273,1.16934,0.648928,5.42333,0
media-gallery-wide,media component,20.6889,0.84738,0.530429,24.60208,1.98746,0.873025,6.008856,0
media-gallery-no-caption,media component,17.69355,0.60119,0.422783,0.65248,0.07121,0.012905,0.397522,0
media-gallery-loading,media component,17.60817,0.70406,0.430625,0.72239,0.61816,0.059159,0.719394,0
media-gallery-consent-failed,media component,17.53488,0.62351,0.427295,3.20378,1.78571,0.492052,4.630398,0
media-video-narrow-error,media component,18.46233,1.0518,0.717156,5.42526,2.71675,1.763565,14.687267,2
media-video-narrow-placeholder,media component,18.46233,1.05199,0.717156,5.42526,2.71675,1.763565,14.687267,2
media-video-missing-placeholder,media component,17.76879,0.86114,0.673272,10.43449,9.67246,9.154367,36.636211,2
media-video-title,media component,18.45908,1.05004,0.725179,5.40551,2.70687,1.810905,15.116706,2
media-video-title-long,media component,18.98261,1.55943,1.259149,7.93042,5.32947,4.624032,25.725469,2
media-video-title-plain,media component,18.42169,1.0093,0.657993,5.18657,2.46708,1.414602,12.375612,0
media-video-title-preserved,media component,18.42569,0.99758,0.620541,5.20906,2.39574,1.193461,10.666237,2
media-video-title-author,media component,18.35119,0.9402,0.596679,4.76953,2.05827,1.052676,10.162812,2
media-video-title-failed,media component,18.234,0.82701,0.488916,4.39261,1.5676,0.467878,4.261619,0
media-video-title-pending,media component,18.234,0.82701,0.488916,4.39261,1.5676,0.467878,4.261619,0
media-video-title-no-author,media component,18.30515,0.89639,0.557547,4.49901,1.79982,0.82198,8.550562,0
media-video-hover,media component,20.36514,0.96363,0.626509,14.04686,2.19655,1.202226,9.926749,2
media-video-light,media component,18.04204,1.25493,0.696588,7.25691,2.19162,1.159537,11.130022,2
media-video-hover-motion,media component,19.512,1.53106,1.175393,9.12039,5.5383,4.431005,23.766463,2
media-video-missing-title,media component,17.64797,0.74907,0.555878,6.10294,5.65508,4.936375,26.481977,2
media-gallery-list,media component,20.31938,0.9615,0.543664,12.5513,1.94059,0.627068,4.729137,0
media-detection-prose,non-media detection,17.7074,0.79911,0.592385,,,,,
media-detection-mixed-list,non-media detection,18.04083,0.73382,0.511036,,,,,
media-detection-task-list,non-media detection,17.58352,0.69103,0.508214,,,,,
media-detection-quoted,non-media detection,18.33761,0.70833,0.511544,,,,,
media-video-duplicate,media component,18.234,0.82701,0.488916,4.39261,1.5676,0.467878,4.261619,0
media-streaming-video,media component,18.47991,1.05543,0.625018,2.73256,1.31864,0.590003,7.872187,0
attachment-image,sent-image boundary,26.73344,8.0133,8.906871,,,,,
